table,sex,x,lx,dx,qx,px,mu,ex,source,qx_calculated,qx_difference
Asegurados_1984_1988,Unisex,20,345,0,0,1,NA,NA,r0996_90,0,0
Asegurados_1984_1988,Unisex,21,345,0,0,1,NA,NA,r0996_90,0,0
Asegurados_1984_1988,Unisex,22,346,0,0,1,NA,NA,r0996_90,0,0
Asegurados_1984_1988,Unisex,23,347,0,0,1,NA,NA,r0996_90,0,0
Asegurados_1984_1988,Unisex,24,348,0,0,1,NA,NA,r0996_90,0,0
Asegurados_1984_1988,Unisex,25,348,0,0,1,NA,NA,r0996_90,0,0
Asegurados_1984_1988,Unisex,26,349,0,0,1,NA,NA,r0996_90,0,0
Asegurados_1984_1988,Unisex,27,350,0,0,1,NA,NA,r0996_90,0,0
Asegurados_1984_1988,Unisex,28,350,0,0,1,NA,NA,r0996_90,0,0
Asegurados_1984_1988,Unisex,29,351,0,0,1,NA,NA,r0996_90,0,0
Asegurados_1984_1988,Unisex,31,354,0,0,1,NA,NA,r0996_90,0,0
Asegurados_1984_1988,Unisex,32,355,0,0,1,NA,NA,r0996_90,0,0
Asegurados_1984_1988,Unisex,33,357,0,0,1,NA,NA,r0996_90,0,0
Asegurados_1984_1988,Unisex,34,358,0,0,1,NA,NA,r0996_90,0,0
Asegurados_1984_1988,Unisex,35,358,0,0,1,NA,NA,r0996_90,0,0
Asegurados_1984_1988,Unisex,36,359,0,0,1,NA,NA,r0996_90,0,0
Asegurados_1984_1988,Unisex,37,361,0,0,1,NA,NA,r0996_90,0,0
Asegurados_1984_1988,Unisex,38,364,0,0,1,NA,NA,r0996_90,0,0
Asegurados_1984_1988,Unisex,39,367,0,0,1,NA,NA,r0996_90,0,0
Asegurados_1984_1988,Unisex,40,371,0,0,1,NA,NA,r0996_90,0,0
Asegurados_1984_1988,Unisex,42,383,0,0,1,NA,NA,r0996_90,0,0
Asegurados_1984_1988,Unisex,43,394,0,0,1,NA,NA,r0996_90,0,0
Asegurados_1984_1988,Unisex,44,408,0,0,1,NA,NA,r0996_90,0,0
Asegurados_1984_1988,Unisex,45,427,0,0,1,NA,NA,r0996_90,0,0
Asegurados_1984_1988,Unisex,46,452,0,0,1,NA,NA,r0996_90,0,0
Asegurados_1984_1988,Unisex,47,485,0,0,1,NA,NA,r0996_90,0,0
Asegurados_1984_1988,Unisex,48,525,0,0,1,NA,NA,r0996_90,0,0
Asegurados_1984_1988,Unisex,49,570,0,0,1,NA,NA,r0996_90,0,0
Asegurados_1984_1988,Unisex,50,619,0,0,1,NA,NA,r0996_90,0,0
Asegurados_1984_1988,Unisex,51,669,0,0,1,NA,NA,r0996_90,0,0
Asegurados_1984_1988,Unisex,52,718,0,0,1,NA,NA,r0996_90,0,0
Asegurados_1984_1988,Unisex,53,763,0,0,1,NA,NA,r0996_90,0,0
Asegurados_1984_1988,Unisex,54,803,0,0,1,NA,NA,r0996_90,0,0
Asegurados_1984_1988,Unisex,55,835,0,0,1,NA,NA,r0996_90,0,0
Asegurados_1984_1988,Unisex,57,873,0,0,1,NA,NA,r0996_90,0,0
Asegurados_1984_1988,Unisex,58,887,0,0,1,NA,NA,r0996_90,0,0
Asegurados_1984_1988,Unisex,59,910,0,0,1,NA,NA,r0996_90,0,0
Asegurados_1984_1988,Unisex,60,981,0,0,1,NA,NA,r0996_90,0,0
Asegurados_1984_1988,Unisex,92,974,0,0,1,NA,NA,r0996_90,0,0
Asegurados_1984_1988,Unisex,93,641,0,0,1,NA,NA,r0996_90,0,0
Asegurados_1984_1988,Unisex,94,386,0,0,1,NA,NA,r0996_90,0,0
Asegurados_1984_1988,Unisex,95,361,209,0.57894737,0.42105263,NA,NA,r0996_90,0.57894737,0
Asegurados_1984_1988,Unisex,96,152,99,0.65131579,0.34868421,NA,NA,r0996_90,0.65131579,0
Asegurados_1984_1988,Unisex,97,53,39,0.73584906,0.26415094,NA,NA,r0996_90,0.73584906,0
Asegurados_1984_1988,Unisex,98,14,12,0.85714286,0.14285714,NA,NA,r0996_90,0.85714286,0
Asegurados_1984_1988,Unisex,99,2,2,1,0,NA,NA,r0996_90,1,0
Asegurados_1998_2003,female,20,100000,130,0.0013,0.9987,NA,57.39,r1112_07,0.0013,0
Asegurados_1998_2003,female,21,99870,134,0.001342,0.998658,NA,56.47,r1112_07,0.00134174,2.6e-7
Asegurados_1998_2003,female,22,99736,138,0.001384,0.998616,NA,55.54,r1112_07,0.00138365,3.5e-7
Asegurados_1998_2003,female,23,99598,141,0.001416,0.998584,NA,54.62,r1112_07,0.00141569,3.1e-7
Asegurados_1998_2003,female,24,99457,145,0.001458,0.998542,NA,53.69,r1112_07,0.00145792,8e-8
Asegurados_1998_2003,female,25,99312,148,0.00149,0.99851,NA,52.77,r1112_07,0.00149025,-2.5e-7
Asegurados_1998_2003,female,26,99164,152,0.001533,0.998467,NA,51.85,r1112_07,0.00153281,1.9e-7
Asegurados_1998_2003,female,27,99012,155,0.001565,0.998435,NA,50.93,r1112_07,0.00156547,-4.7e-7
Asegurados_1998_2003,female,28,98857,159,0.001608,0.998392,NA,50.01,r1112_07,0.00160838,-3.8e-7
Asegurados_1998_2003,female,29,98698,162,0.001641,0.998359,NA,49.09,r1112_07,0.00164137,-3.7e-7
Asegurados_1998_2003,female,30,98536,166,0.001685,0.998315,NA,48.17,r1112_07,0.00168466,3.4e-7
Asegurados_1998_2003,female,31,98370,170,0.001728,0.998272,NA,47.25,r1112_07,0.00172817,-1.7e-7
Asegurados_1998_2003,female,32,98200,174,0.001772,0.998228,NA,46.33,r1112_07,0.00177189,1.1e-7
Asegurados_1998_2003,female,33,98026,179,0.001826,0.998174,NA,45.41,r1112_07,0.00182605,-5e-8
Asegurados_1998_2003,female,34,97847,184,0.00188,0.99812,NA,44.49,r1112_07,0.00188049,-4.9e-7
Asegurados_1998_2003,female,35,97663,189,0.001935,0.998065,NA,43.58,r1112_07,0.00193523,-2.3e-7
Asegurados_1998_2003,female,36,97474,194,0.00199,0.99801,NA,42.66,r1112_07,0.00199027,-2.7e-7
Asegurados_1998_2003,female,37,97280,199,0.002046,0.997954,NA,41.74,r1112_07,0.00204564,3.6e-7
Asegurados_1998_2003,female,38,97081,204,0.002101,0.997899,NA,40.83,r1112_07,0.00210134,-3.4e-7
Asegurados_1998_2003,female,39,96877,210,0.002168,0.997832,NA,39.91,r1112_07,0.0021677,3e-7
Asegurados_1998_2003,female,40,96667,217,0.002245,0.997755,NA,39,r1112_07,0.00224482,1.8e-7
Asegurados_1998_2003,female,41,96450,223,0.002312,0.997688,NA,38.08,r1112_07,0.00231208,-8e-8
Asegurados_1998_2003,female,42,96227,230,0.00239,0.99761,NA,37.17,r1112_07,0.00239018,-1.8e-7
Asegurados_1998_2003,female,43,95997,236,0.002458,0.997542,NA,36.26,r1112_07,0.00245841,-4.1e-7
Asegurados_1998_2003,female,44,95761,243,0.002538,0.997462,NA,35.35,r1112_07,0.00253757,4.3e-7
Asegurados_1998_2003,female,45,95518,250,0.002617,0.997383,NA,34.44,r1112_07,0.00261731,-3.1e-7
Asegurados_1998_2003,female,46,95268,257,0.002698,0.997302,NA,33.53,r1112_07,0.00269765,3.5e-7
Asegurados_1998_2003,female,47,95011,264,0.002779,0.997221,NA,32.61,r1112_07,0.00277863,3.7e-7
Asegurados_1998_2003,female,48,94747,272,0.002871,0.997129,NA,31.7,r1112_07,0.0028708,2e-7
Asegurados_1998_2003,female,49,94475,282,0.002985,0.997015,NA,30.79,r1112_07,0.00298492,8e-8
Asegurados_1998_2003,female,50,94193,294,0.003121,0.996879,NA,29.88,r1112_07,0.00312125,-2.5e-7
Asegurados_1998_2003,female,51,93899,309,0.003291,0.996709,NA,28.98,r1112_07,0.00329077,2.3e-7
Asegurados_1998_2003,female,52,93590,329,0.003515,0.996485,NA,28.07,r1112_07,0.00351533,-3.3e-7
Asegurados_1998_2003,female,53,93261,353,0.003785,0.996215,NA,27.17,r1112_07,0.00378508,-8e-8
Asegurados_1998_2003,female,54,92908,384,0.004133,0.995867,NA,26.27,r1112_07,0.00413312,-1.2e-7
Asegurados_1998_2003,female,55,92524,421,0.00455,0.99545,NA,25.38,r1112_07,0.00455017,-1.7e-7
Asegurados_1998_2003,female,56,92103,467,0.00507,0.99493,NA,24.49,r1112_07,0.00507041,-4.1e-7
Asegurados_1998_2003,female,57,91636,521,0.005686,0.994314,NA,23.61,r1112_07,0.00568554,4.6e-7
Asegurados_1998_2003,female,58,91115,584,0.006409,0.993591,NA,22.74,r1112_07,0.00640948,-4.8e-7
Asegurados_1998_2003,female,59,90531,655,0.007235,0.992765,NA,21.89,r1112_07,0.00723509,-9e-8
Asegurados_1998_2003,female,60,89876,731,0.008133,0.991867,NA,21.04,r1112_07,0.00813343,-4.3e-7
Asegurados_1998_2003,female,61,89145,811,0.009098,0.990902,NA,20.21,r1112_07,0.00909754,4.6e-7
Asegurados_1998_2003,female,62,88334,891,0.010087,0.989913,NA,19.39,r1112_07,0.01008672,2.8e-7
Asegurados_1998_2003,female,63,87443,972,0.011116,0.988884,NA,18.59,r1112_07,0.01111581,1.9e-7
Asegurados_1998_2003,female,64,86471,1045,0.012085,0.987915,NA,17.79,r1112_07,0.01208498,2e-8
Asegurados_1998_2003,female,65,85426,1116,0.013064,0.986936,NA,17,r1112_07,0.01306394,6e-8
Asegurados_1998_2003,female,66,84310,1180,0.013996,0.986004,NA,16.22,r1112_07,0.01399597,3e-8
Asegurados_1998_2003,female,67,83130,1242,0.01494,0.98506,NA,15.44,r1112_07,0.01494045,-4.5e-7
Asegurados_1998_2003,female,68,81888,1332,0.016266,0.983734,NA,14.67,r1112_07,0.01626612,-1.2e-7
Asegurados_1998_2003,female,69,80556,1403,0.017416,0.982584,NA,13.9,r1112_07,0.01741646,-4.6e-7
Asegurados_1998_2003,female,70,79153,1483,0.018736,0.981264,NA,13.14,r1112_07,0.01873587,1.3e-7
Asegurados_1998_2003,female,71,77670,1582,0.020368,0.979632,NA,12.38,r1112_07,0.02036822,-2.2e-7
Asegurados_1998_2003,female,72,76088,1699,0.022329,0.977671,NA,11.63,r1112_07,0.02232941,-4.1e-7
Asegurados_1998_2003,female,73,74389,1855,0.024936,0.975064,NA,10.88,r1112_07,0.02493648,-4.8e-7
Asegurados_1998_2003,female,74,72534,2050,0.028263,0.971737,NA,10.15,r1112_07,0.02826261,3.9e-7
Asegurados_1998_2003,female,75,70484,2285,0.032419,0.967581,NA,9.43,r1112_07,0.0324187,3e-7
Asegurados_1998_2003,female,76,68199,2561,0.037552,0.962448,NA,8.73,r1112_07,0.03755187,1.3e-7
Asegurados_1998_2003,female,77,65638,2875,0.043801,0.956199,NA,8.05,r1112_07,0.04380085,1.5e-7
Asegurados_1998_2003,female,78,62763,3235,0.051543,0.948457,NA,7.4,r1112_07,0.05154311,-1.1e-7
Asegurados_1998_2003,female,79,59528,3691,0.062004,0.937996,NA,6.77,r1112_07,0.06200443,-4.3e-7
Asegurados_1998_2003,female,80,55837,4230,0.075756,0.924244,NA,6.18,r1112_07,0.07575622,-2.2e-7
Asegurados_1998_2003,female,81,51607,4700,0.091073,0.908927,NA,5.65,r1112_07,0.09107292,8e-8
Asegurados_1998_2003,female,82,46907,4889,0.104228,0.895772,NA,5.17,r1112_07,0.10422751,4.9e-7
Asegurados_1998_2003,female,83,42018,5036,0.119853,0.880147,NA,4.71,r1112_07,0.1198534,-4e-7
Asegurados_1998_2003,female,84,36982,5061,0.13685,0.86315,NA,4.28,r1112_07,0.13685036,-3.6e-7
Asegurados_1998_2003,female,85,31921,4949,0.155039,0.844961,NA,3.88,r1112_07,0.155039,0
Asegurados_1998_2003,female,86,26972,4770,0.17685,0.82315,NA,3.5,r1112_07,0.17685007,-7e-8
Asegurados_1998_2003,female,87,22202,4501,0.202729,0.797271,NA,3.15,r1112_07,0.20272948,-4.8e-7
Asegurados_1998_2003,female,88,17701,4106,0.231964,0.768036,NA,2.82,r1112_07,0.2319643,-3e-7
Asegurados_1998_2003,female,89,13595,3609,0.265465,0.734535,NA,2.52,r1112_07,0.26546524,-2.4e-7
Asegurados_1998_2003,female,90,9986,3019,0.302323,0.697677,NA,2.25,r1112_07,0.30232325,-2.5e-7
Asegurados_1998_2003,female,91,6967,2369,0.340032,0.659968,NA,2.01,r1112_07,0.34003158,4.2e-7
Asegurados_1998_2003,female,92,4598,1756,0.381905,0.618095,NA,1.79,r1112_07,0.38190518,-1.8e-7
Asegurados_1998_2003,female,93,2842,1216,0.427868,0.572132,NA,1.59,r1112_07,0.4278677,3e-7
Asegurados_1998_2003,female,94,1626,778,0.478475,0.521525,NA,1.41,r1112_07,0.47847478,2.2e-7
Asegurados_1998_2003,female,95,848,452,0.533019,0.466981,NA,1.24,r1112_07,0.53301887,1.3e-7
Asegurados_1998_2003,female,96,396,235,0.593434,0.406566,NA,1.09,r1112_07,0.59343434,-3.4e-7
Asegurados_1998_2003,female,97,161,106,0.658385,0.341615,NA,0.95,r1112_07,0.65838509,-9e-8
Asegurados_1998_2003,female,98,55,40,0.727273,0.272727,NA,0.83,r1112_07,0.72727273,2.7e-7
Asegurados_1998_2003,female,99,15,12,0.8,0.2,NA,0.7,r1112_07,0.8,0
Asegurados_1998_2003,female,100,3,3,1,0,NA,0.5,r1112_07,1,0
Asegurados_1998_2003,male,20,100000,356,0.00356,0.99644,NA,54.31,r1112_07,0.00356,0
Asegurados_1998_2003,male,21,99644,358,0.003593,0.996407,NA,53.5,r1112_07,0.00359279,2.1e-7
Asegurados_1998_2003,male,22,99286,361,0.003636,0.996364,NA,52.69,r1112_07,0.00363596,4e-8
Asegurados_1998_2003,male,23,98925,364,0.00368,0.99632,NA,51.88,r1112_07,0.00367956,4.4e-7
Asegurados_1998_2003,male,24,98561,366,0.003713,0.996287,NA,51.07,r1112_07,0.00371344,-4.4e-7
Asegurados_1998_2003,male,25,98195,366,0.003727,0.996273,NA,50.26,r1112_07,0.00372728,-2.8e-7
Asegurados_1998_2003,male,26,97829,367,0.003751,0.996249,NA,49.45,r1112_07,0.00375144,-4.4e-7
Asegurados_1998_2003,male,27,97462,367,0.003766,0.996234,NA,48.63,r1112_07,0.00376557,4.3e-7
Asegurados_1998_2003,male,28,97095,367,0.00378,0.99622,NA,47.81,r1112_07,0.0037798,2e-7
Asegurados_1998_2003,male,29,96728,367,0.003794,0.996206,NA,46.99,r1112_07,0.00379414,-1.4e-7
Asegurados_1998_2003,male,30,96361,366,0.003798,0.996202,NA,46.17,r1112_07,0.00379822,-2.2e-7
Asegurados_1998_2003,male,31,95995,366,0.003813,0.996187,NA,45.34,r1112_07,0.0038127,3e-7
Asegurados_1998_2003,male,32,95629,366,0.003827,0.996173,NA,44.51,r1112_07,0.00382729,-2.9e-7
Asegurados_1998_2003,male,33,95263,365,0.003831,0.996169,NA,43.68,r1112_07,0.0038315,-5e-7
Asegurados_1998_2003,male,34,94898,366,0.003857,0.996143,NA,42.85,r1112_07,0.00385677,2.3e-7
Asegurados_1998_2003,male,35,94532,366,0.003872,0.996128,NA,42.01,r1112_07,0.0038717,3e-7
Asegurados_1998_2003,male,36,94166,365,0.003876,0.996124,NA,41.18,r1112_07,0.00387613,-1.3e-7
Asegurados_1998_2003,male,37,93801,365,0.003891,0.996109,NA,40.33,r1112_07,0.00389122,-2.2e-7
Asegurados_1998_2003,male,38,93436,365,0.003906,0.996094,NA,39.49,r1112_07,0.00390642,-4.2e-7
Asegurados_1998_2003,male,39,93071,365,0.003922,0.996078,NA,38.64,r1112_07,0.00392174,2.6e-7
Asegurados_1998_2003,male,40,92706,366,0.003948,0.996052,NA,37.79,r1112_07,0.00394796,4e-8
Asegurados_1998_2003,male,41,92340,367,0.003974,0.996026,NA,36.94,r1112_07,0.00397444,-4.4e-7
Asegurados_1998_2003,male,42,91973,368,0.004001,0.995999,NA,36.09,r1112_07,0.00400117,-1.7e-7
Asegurados_1998_2003,male,43,91605,369,0.004028,0.995972,NA,35.23,r1112_07,0.00402816,-1.6e-7
Asegurados_1998_2003,male,44,91236,371,0.004066,0.995934,NA,34.37,r1112_07,0.00406638,-3.8e-7
Asegurados_1998_2003,male,45,90865,372,0.004094,0.995906,NA,33.51,r1112_07,0.00409399,1e-8
Asegurados_1998_2003,male,46,90493,374,0.004133,0.995867,NA,32.64,r1112_07,0.00413292,8e-8
Asegurados_1998_2003,male,47,90119,376,0.004172,0.995828,NA,31.78,r1112_07,0.00417226,-2.6e-7
Asegurados_1998_2003,male,48,89743,379,0.004223,0.995777,NA,30.91,r1112_07,0.00422317,-1.7e-7
Asegurados_1998_2003,male,49,89364,384,0.004297,0.995703,NA,30.04,r1112_07,0.00429703,-3e-8
Asegurados_1998_2003,male,50,88980,392,0.004405,0.995595,NA,29.16,r1112_07,0.00440548,-4.8e-7
Asegurados_1998_2003,male,51,88588,404,0.00456,0.99544,NA,28.29,r1112_07,0.00456044,-4.4e-7
Asegurados_1998_2003,male,52,88184,422,0.004785,0.995215,NA,27.42,r1112_07,0.00478545,-4.5e-7
Asegurados_1998_2003,male,53,87762,445,0.005071,0.994929,NA,26.55,r1112_07,0.00507053,4.7e-7
Asegurados_1998_2003,male,54,87317,476,0.005451,0.994549,NA,25.68,r1112_07,0.0054514,-4e-7
Asegurados_1998_2003,male,55,86841,513,0.005907,0.994093,NA,24.82,r1112_07,0.00590735,-3.5e-7
Asegurados_1998_2003,male,56,86328,560,0.006487,0.993513,NA,23.96,r1112_07,0.00648689,1.1e-7
Asegurados_1998_2003,male,57,85768,615,0.007171,0.992829,NA,23.12,r1112_07,0.00717051,4.9e-7
Asegurados_1998_2003,male,58,85153,679,0.007974,0.992026,NA,22.28,r1112_07,0.00797388,1.2e-7
Asegurados_1998_2003,male,59,84474,750,0.008878,0.991122,NA,21.45,r1112_07,0.00887847,-4.7e-7
Asegurados_1998_2003,male,60,83724,826,0.009866,0.990134,NA,20.64,r1112_07,0.00986575,2.5e-7
Asegurados_1998_2003,male,61,82898,903,0.010893,0.989107,NA,19.84,r1112_07,0.0108929,1e-7
Asegurados_1998_2003,male,62,81995,979,0.01194,0.98806,NA,19.06,r1112_07,0.01193975,2.5e-7
Asegurados_1998_2003,male,63,81016,1054,0.01301,0.98699,NA,18.28,r1112_07,0.01300978,2.2e-7
Asegurados_1998_2003,male,64,79962,1119,0.013994,0.986006,NA,17.51,r1112_07,0.01399415,-1.5e-7
Asegurados_1998_2003,male,65,78843,1179,0.014954,0.985046,NA,16.76,r1112_07,0.01495377,2.3e-7
Asegurados_1998_2003,male,66,77664,1232,0.015863,0.984137,NA,16,r1112_07,0.01586321,-2.1e-7
Asegurados_1998_2003,male,67,76432,1281,0.01676,0.98324,NA,15.25,r1112_07,0.01676,0
Asegurados_1998_2003,male,68,75151,1357,0.018057,0.981943,NA,14.5,r1112_07,0.01805698,2e-8
Asegurados_1998_2003,male,69,73794,1413,0.019148,0.980852,NA,13.76,r1112_07,0.0191479,1e-7
Asegurados_1998_2003,male,70,72381,1477,0.020406,0.979594,NA,13.02,r1112_07,0.02040591,9e-8
Asegurados_1998_2003,male,71,70904,1558,0.021973,0.978027,NA,12.28,r1112_07,0.02197337,-3.7e-7
Asegurados_1998_2003,male,72,69346,1656,0.02388,0.97612,NA,11.55,r1112_07,0.02388025,-2.5e-7
Asegurados_1998_2003,male,73,67690,1790,0.026444,0.973556,NA,10.82,r1112_07,0.02644408,-8e-8
Asegurados_1998_2003,male,74,65900,1957,0.029697,0.970303,NA,10.1,r1112_07,0.02969651,4.9e-7
Asegurados_1998_2003,male,75,63943,2160,0.03378,0.96622,NA,9.39,r1112_07,0.03378009,-9e-8
Asegurados_1998_2003,male,76,61783,2397,0.038797,0.961203,NA,8.7,r1112_07,0.03879708,-8e-8
Asegurados_1998_2003,male,77,59386,2666,0.044893,0.955107,NA,8.03,r1112_07,0.04489274,2.6e-7
Asegurados_1998_2003,male,78,56720,2971,0.05238,0.94762,NA,7.39,r1112_07,0.05238011,-1.1e-7
Asegurados_1998_2003,male,79,53749,3359,0.062494,0.937506,NA,6.77,r1112_07,0.06249419,-1.9e-7
Asegurados_1998_2003,male,80,50390,3818,0.075769,0.924231,NA,6.18,r1112_07,0.075769,0
Asegurados_1998_2003,male,81,46572,4241,0.091063,0.908937,NA,5.65,r1112_07,0.0910633,-3e-7
Asegurados_1998_2003,male,82,42331,4412,0.104226,0.895774,NA,5.17,r1112_07,0.10422622,-2.2e-7
Asegurados_1998_2003,male,83,37919,4545,0.119861,0.880139,NA,4.71,r1112_07,0.11986076,2.4e-7
Asegurados_1998_2003,male,84,33374,4567,0.136843,0.863157,NA,4.28,r1112_07,0.13684305,-5e-8
Asegurados_1998_2003,male,85,28807,4466,0.155032,0.844968,NA,3.88,r1112_07,0.15503176,2.4e-7
Asegurados_1998_2003,male,86,24341,4305,0.176862,0.823138,NA,3.5,r1112_07,0.17686208,-8e-8
Asegurados_1998_2003,male,87,20036,4062,0.202735,0.797265,NA,3.15,r1112_07,0.20273508,-8e-8
Asegurados_1998_2003,male,88,15974,3706,0.232002,0.767998,NA,2.82,r1112_07,0.232002,0
Asegurados_1998_2003,male,89,12268,3257,0.265487,0.734513,NA,2.52,r1112_07,0.26548745,-4.5e-7
Asegurados_1998_2003,male,90,9011,2725,0.302408,0.697592,NA,2.25,r1112_07,0.30240817,-1.7e-7
Asegurados_1998_2003,male,91,6286,2138,0.340121,0.659879,NA,2.01,r1112_07,0.3401209,1e-7
Asegurados_1998_2003,male,92,4148,1584,0.381871,0.618129,NA,1.79,r1112_07,0.38187078,2.2e-7
Asegurados_1998_2003,male,93,2564,1097,0.427847,0.572153,NA,1.59,r1112_07,0.42784711,-1.1e-7
Asegurados_1998_2003,male,94,1467,702,0.478528,0.521472,NA,1.41,r1112_07,0.47852761,3.9e-7
Asegurados_1998_2003,male,95,765,408,0.533333,0.466667,NA,1.24,r1112_07,0.53333333,-3.3e-7
Asegurados_1998_2003,male,96,357,212,0.593838,0.406162,NA,1.09,r1112_07,0.59383754,4.6e-7
Asegurados_1998_2003,male,97,145,96,0.662069,0.337931,NA,0.94,r1112_07,0.66206897,3e-8
Asegurados_1998_2003,male,98,49,36,0.734694,0.265306,NA,0.81,r1112_07,0.73469388,1.2e-7
Asegurados_1998_2003,male,99,13,11,0.846154,0.153846,NA,0.65,r1112_07,0.84615385,1.5e-7
Asegurados_1998_2003,male,100,2,2,1,0,NA,0.5,r1112_07,1,0
BEPS_2014,female,15,1000000,293,2.93e-4,0.999707,NA,68.5,r0110_14,2.93e-4,0
BEPS_2014,female,16,999707,301,3.01e-4,0.999699,NA,67.5,r0110_14,3.0109e-4,-9e-8
BEPS_2014,female,17,999406,309,3.09e-4,0.999691,NA,66.5,r0110_14,3.0918e-4,-1.8e-7
BEPS_2014,female,18,999097,318,3.18e-4,0.999682,NA,65.5,r0110_14,3.1829e-4,-2.9e-7
BEPS_2014,female,19,998779,329,3.29e-4,0.999671,NA,64.5,r0110_14,3.294e-4,-4e-7
BEPS_2014,female,20,998450,339,3.4e-4,0.99966,NA,63.6,r0110_14,3.3953e-4,4.7e-7
BEPS_2014,female,21,998111,351,3.52e-4,0.999648,NA,62.6,r0110_14,3.5166e-4,3.4e-7
BEPS_2014,female,22,997760,364,3.65e-4,0.999635,NA,61.6,r0110_14,3.6482e-4,1.8e-7
BEPS_2014,female,23,997396,378,3.79e-4,0.999621,NA,60.6,r0110_14,3.7899e-4,1e-8
BEPS_2014,female,24,997018,393,3.94e-4,0.999606,NA,59.6,r0110_14,3.9418e-4,-1.8e-7
BEPS_2014,female,25,996625,411,4.12e-4,0.999588,NA,58.7,r0110_14,4.1239e-4,-3.9e-7
BEPS_2014,female,26,996214,429,4.31e-4,0.999569,NA,57.7,r0110_14,4.3063e-4,3.7e-7
BEPS_2014,female,27,995785,449,4.51e-4,0.999549,NA,56.7,r0110_14,4.509e-4,1e-7
BEPS_2014,female,28,995336,472,4.74e-4,0.999526,NA,55.7,r0110_14,4.7421e-4,-2.1e-7
BEPS_2014,female,29,994864,497,4.99e-4,0.999501,NA,54.8,r0110_14,4.9957e-4,-5.7e-7
BEPS_2014,female,30,994367,524,5.26e-4,0.999474,NA,53.8,r0110_14,5.2697e-4,-9.7e-7
BEPS_2014,female,31,993844,553,5.56e-4,0.999444,NA,52.8,r0110_14,5.5643e-4,-4.3e-7
BEPS_2014,female,32,993291,585,5.89e-4,0.999411,NA,51.9,r0110_14,5.8895e-4,5e-8
BEPS_2014,female,33,992706,620,6.25e-4,0.999375,NA,50.9,r0110_14,6.2456e-4,4.4e-7
BEPS_2014,female,34,992085,659,6.64e-4,0.999336,NA,49.9,r0110_14,6.6426e-4,-2.6e-7
BEPS_2014,female,35,991427,702,7.08e-4,0.999292,NA,49,r0110_14,7.0807e-4,-7e-8
BEPS_2014,female,36,990725,749,7.56e-4,0.999244,NA,48,r0110_14,7.5601e-4,-1e-8
BEPS_2014,female,37,989976,799,8.07e-4,0.999193,NA,47,r0110_14,8.0709e-4,-9e-8
BEPS_2014,female,38,989177,855,8.65e-4,0.999135,NA,46.1,r0110_14,8.6435e-4,6.5e-7
BEPS_2014,female,39,988321,918,9.28e-4,0.999072,NA,45.1,r0110_14,9.2885e-4,-8.5e-7
BEPS_2014,female,40,987404,985,9.97e-4,0.999003,NA,44.1,r0110_14,9.9757e-4,-5.7e-7
BEPS_2014,female,41,986419,1059,0.001073,0.998927,NA,43.2,r0110_14,0.00107358,-5.8e-7
BEPS_2014,female,42,985360,1139,0.001156,0.998844,NA,42.2,r0110_14,0.00115592,8e-8
BEPS_2014,female,43,984222,1228,0.001248,0.998752,NA,41.3,r0110_14,0.00124769,3.1e-7
BEPS_2014,female,44,982993,1325,0.001348,0.998652,NA,40.3,r0110_14,0.00134792,8e-8
BEPS_2014,female,45,981668,1432,0.001459,0.998541,NA,39.4,r0110_14,0.00145874,2.6e-7
BEPS_2014,female,46,980236,1549,0.00158,0.99842,NA,38.4,r0110_14,0.00158023,-2.3e-7
BEPS_2014,female,47,978687,1676,0.001712,0.998288,NA,37.5,r0110_14,0.0017125,-5e-7
BEPS_2014,female,48,977011,1816,0.001859,0.998141,NA,36.6,r0110_14,0.00185873,2.7e-7
BEPS_2014,female,49,975195,1969,0.00202,0.99798,NA,35.6,r0110_14,0.00201908,9.2e-7
BEPS_2014,female,50,973225,2137,0.002196,0.997804,NA,34.7,r0110_14,0.00219579,2.1e-7
BEPS_2014,female,51,971088,2321,0.00239,0.99761,NA,33.8,r0110_14,0.0023901,-1e-7
BEPS_2014,female,52,968767,2522,0.002603,0.997397,NA,32.9,r0110_14,0.00260331,-3.1e-7
BEPS_2014,female,53,966245,2740,0.002836,0.997164,NA,31.9,r0110_14,0.00283572,2.8e-7
BEPS_2014,female,54,963505,2980,0.003093,0.996907,NA,31,r0110_14,0.00309287,1.3e-7
BEPS_2014,female,55,960526,3213,0.003345,0.996655,NA,30.1,r0110_14,0.00334504,-4e-8
BEPS_2014,female,56,957313,3471,0.003626,0.996374,NA,29.2,r0110_14,0.00362577,2.3e-7
BEPS_2014,female,57,953842,3758,0.00394,0.99606,NA,28.3,r0110_14,0.00393986,1.4e-7
BEPS_2014,female,58,950084,4079,0.004293,0.995707,NA,27.4,r0110_14,0.0042933,-3e-7
BEPS_2014,female,59,946005,4435,0.004688,0.995312,NA,26.6,r0110_14,0.00468814,-1.4e-7
BEPS_2014,female,60,941570,4832,0.005131,0.994869,NA,25.7,r0110_14,0.00513185,-8.5e-7
BEPS_2014,female,61,936739,5270,0.005626,0.994374,NA,24.8,r0110_14,0.0056259,1e-7
BEPS_2014,female,62,931468,5759,0.006182,0.993818,NA,23.9,r0110_14,0.00618271,-7.1e-7
BEPS_2014,female,63,925710,6300,0.006805,0.993195,NA,23.1,r0110_14,0.00680559,-5.9e-7
BEPS_2014,female,64,919410,6898,0.007502,0.992498,NA,22.2,r0110_14,0.00750264,-6.4e-7
BEPS_2014,female,65,912512,7558,0.008283,0.991717,NA,21.4,r0110_14,0.00828263,3.7e-7
BEPS_2014,female,66,904954,8288,0.009158,0.990842,NA,20.6,r0110_14,0.00915848,-4.8e-7
BEPS_2014,female,67,896666,9090,0.010138,0.989862,NA,19.8,r0110_14,0.01013755,4.5e-7
BEPS_2014,female,68,887576,9973,0.011236,0.988764,NA,19,r0110_14,0.01123622,-2.2e-7
BEPS_2014,female,69,877604,10939,0.012465,0.987535,NA,18.2,r0110_14,0.01246462,3.8e-7
BEPS_2014,female,70,866664,11996,0.013842,0.986158,NA,17.4,r0110_14,0.01384158,4.2e-7
BEPS_2014,female,71,854668,13148,0.015384,0.984616,NA,16.6,r0110_14,0.01538375,2.5e-7
BEPS_2014,female,72,841520,14399,0.01711,0.98289,NA,15.9,r0110_14,0.0171107,-7e-7
BEPS_2014,female,73,827122,15751,0.019043,0.980957,NA,15.2,r0110_14,0.01904314,-1.4e-7
BEPS_2014,female,74,811371,17205,0.021205,0.978795,NA,14.4,r0110_14,0.02120485,1.5e-7
BEPS_2014,female,75,794166,18762,0.023625,0.976375,NA,13.7,r0110_14,0.02362478,2.2e-7
BEPS_2014,female,76,775404,20418,0.026332,0.973668,NA,13.1,r0110_14,0.02633208,-8e-8
BEPS_2014,female,77,754986,22167,0.029361,0.970639,NA,12.4,r0110_14,0.02936081,1.9e-7
BEPS_2014,female,78,732819,23999,0.032749,0.967251,NA,11.8,r0110_14,0.03274888,1.2e-7
BEPS_2014,female,79,708820,25897,0.036535,0.963465,NA,11.1,r0110_14,0.03653537,-3.7e-7
BEPS_2014,female,80,682923,27840,0.040766,0.959234,NA,10.6,r0110_14,0.04076594,6e-8
BEPS_2014,female,81,655083,29365,0.044826,0.955174,NA,10,r0110_14,0.04482638,-3.8e-7
BEPS_2014,female,82,625718,30843,0.049291,0.950709,NA,9.4,r0110_14,0.04929217,-1.17e-6
BEPS_2014,female,83,594875,32243,0.054201,0.945799,NA,8.9,r0110_14,0.0542013,-3e-7
BEPS_2014,female,84,562632,33533,0.0596,0.9404,NA,8.4,r0110_14,0.05960024,-2.4e-7
BEPS_2014,female,85,529099,34675,0.065537,0.934463,NA,7.9,r0110_14,0.06553594,1.06e-6
BEPS_2014,female,86,494424,35630,0.072064,0.927936,NA,7.4,r0110_14,0.07206365,3.5e-7
BEPS_2014,female,87,458794,36356,0.079243,0.920757,NA,6.9,r0110_14,0.07924254,4.6e-7
BEPS_2014,female,88,422438,36809,0.087136,0.912864,NA,6.5,r0110_14,0.08713468,1.32e-6
BEPS_2014,female,89,385628,36949,0.095815,0.904185,NA,6,r0110_14,0.09581514,-1.4e-7
BEPS_2014,female,90,348679,36736,0.105359,0.894641,NA,5.6,r0110_14,0.10535765,1.35e-6
BEPS_2014,female,91,311943,36140,0.115853,0.884147,NA,5.2,r0110_14,0.1158545,-1.5e-6
BEPS_2014,female,92,275803,35135,0.127393,0.872607,NA,4.8,r0110_14,0.12739165,1.35e-6
BEPS_2014,female,93,240668,33713,0.140082,0.859918,NA,4.5,r0110_14,0.14008094,1.06e-6
BEPS_2014,female,94,206955,32115,0.15518,0.84482,NA,4.1,r0110_14,0.15517866,1.34e-6
BEPS_2014,female,95,174840,29834,0.170637,0.829363,NA,3.8,r0110_14,0.17063601,9.9e-7
BEPS_2014,female,96,145006,28358,0.195562,0.804438,NA,3.5,r0110_14,0.19556432,-2.32e-6
BEPS_2014,female,97,116648,25084,0.215041,0.784959,NA,3.2,r0110_14,0.21504012,8.8e-7
BEPS_2014,female,98,91564,21651,0.23646,0.76354,NA,2.9,r0110_14,0.23645756,2.44e-6
BEPS_2014,female,99,69913,18178,0.260013,0.739987,NA,2.7,r0110_14,0.26000887,4.13e-6
BEPS_2014,female,100,51734,14792,0.285912,0.714088,NA,2.5,r0110_14,0.28592415,-1.215e-5
BEPS_2014,female,101,36943,11615,0.314391,0.685609,NA,2.2,r0110_14,0.31440327,-1.227e-5
BEPS_2014,female,102,25328,8756,0.345707,0.654293,NA,2,r0110_14,0.34570436,2.64e-6
BEPS_2014,female,103,16572,6300,0.380141,0.619859,NA,1.8,r0110_14,0.3801593,-1.83e-5
BEPS_2014,female,104,10272,4294,0.418006,0.581994,NA,1.7,r0110_14,0.4180296,-2.36e-5
BEPS_2014,female,105,5978,2748,0.459642,0.540358,NA,1.5,r0110_14,0.45968551,-4.351e-5
BEPS_2014,female,106,3231,1633,0.505426,0.494574,NA,1.3,r0110_14,0.50541628,9.72e-6
BEPS_2014,female,107,1598,888,0.555769,0.444231,NA,1.2,r0110_14,0.55569462,7.438e-5
BEPS_2014,female,108,710,434,0.611128,0.388872,NA,1,r0110_14,0.61126761,-1.3961e-4
BEPS_2014,female,109,276,185,0.672,0.328,NA,0.8,r0110_14,0.67028986,0.00171014
BEPS_2014,female,110,91,91,1,0,NA,0.5,r0110_14,1,0
BEPS_2014,male,15,1000000,1129,0.001129,0.998871,NA,62.2,r0110_14,0.001129,0
BEPS_2014,male,16,998871,1135,0.001137,0.998863,NA,61.2,r0110_14,0.00113628,7.2e-7
BEPS_2014,male,17,997735,1145,0.001147,0.998853,NA,60.3,r0110_14,0.0011476,-6e-7
BEPS_2014,male,18,996591,1153,0.001157,0.998843,NA,59.4,r0110_14,0.00115694,6e-8
BEPS_2014,male,19,995437,1165,0.001171,0.998829,NA,58.4,r0110_14,0.00117034,6.6e-7
BEPS_2014,male,20,994272,1178,0.001185,0.998815,NA,57.5,r0110_14,0.00118479,2.1e-7
BEPS_2014,male,21,993094,1194,0.001202,0.998798,NA,56.6,r0110_14,0.0012023,-3e-7
BEPS_2014,male,22,991899,1213,0.001223,0.998777,NA,55.6,r0110_14,0.00122291,9e-8
BEPS_2014,male,23,990687,1232,0.001243,0.998757,NA,54.7,r0110_14,0.00124358,-5.8e-7
BEPS_2014,male,24,989455,1255,0.001268,0.998732,NA,53.8,r0110_14,0.00126838,-3.8e-7
BEPS_2014,male,25,988200,1280,0.001296,0.998704,NA,52.9,r0110_14,0.00129528,7.2e-7
BEPS_2014,male,26,986920,1307,0.001325,0.998675,NA,51.9,r0110_14,0.00132432,6.8e-7
BEPS_2014,male,27,985613,1338,0.001357,0.998643,NA,51,r0110_14,0.00135753,-5.3e-7
BEPS_2014,male,28,984275,1372,0.001393,0.998607,NA,50.1,r0110_14,0.00139392,-9.2e-7
BEPS_2014,male,29,982903,1408,0.001432,0.998568,NA,49.1,r0110_14,0.00143249,-4.9e-7
BEPS_2014,male,30,981495,1446,0.001474,0.998526,NA,48.2,r0110_14,0.00147326,7.4e-7
BEPS_2014,male,31,980049,1491,0.001521,0.998479,NA,47.3,r0110_14,0.00152135,-3.5e-7
BEPS_2014,male,32,978558,1538,0.001572,0.998428,NA,46.3,r0110_14,0.0015717,3e-7
BEPS_2014,male,33,977020,1588,0.001625,0.998375,NA,45.4,r0110_14,0.00162535,-3.5e-7
BEPS_2014,male,34,975432,1643,0.001685,0.998315,NA,44.5,r0110_14,0.00168438,6.2e-7
BEPS_2014,male,35,973789,1702,0.001748,0.998252,NA,43.6,r0110_14,0.00174781,1.9e-7
BEPS_2014,male,36,972087,1765,0.001815,0.998185,NA,42.6,r0110_14,0.00181568,-6.8e-7
BEPS_2014,male,37,970323,1832,0.001888,0.998112,NA,41.7,r0110_14,0.00188803,-3e-8
BEPS_2014,male,38,968490,1904,0.001966,0.998034,NA,40.8,r0110_14,0.00196595,5e-8
BEPS_2014,male,39,966586,1979,0.002048,0.997952,NA,39.9,r0110_14,0.00204741,5.9e-7
BEPS_2014,male,40,964607,2061,0.002137,0.99786300000000006,NA,38.9,r0110_14,0.00213662,3.8e-7
BEPS_2014,male,41,962546,2147,0.00223,0.99777,NA,38,r0110_14,0.00223054,-5.4e-7
BEPS_2014,male,42,960399,2237,0.002329,0.997671,NA,37.1,r0110_14,0.0023292400000000002,-2.4e-7
BEPS_2014,male,43,958162,2332,0.002434,0.997566,NA,36.2,r0110_14,0.00243383,1.7e-7
BEPS_2014,male,44,955830,2498,0.002614,0.997386,NA,35.3,r0110_14,0.00261344,5.6e-7
BEPS_2014,male,45,953331,2685,0.002817,0.997183,NA,34.4,r0110_14,0.00281644,5.6e-7
BEPS_2014,male,46,950646,2891,0.003041,0.996959,NA,33.5,r0110_14,0.00304109,-9e-8
BEPS_2014,male,47,947755,3113,0.003284,0.996716,NA,32.6,r0110_14,0.0032846,-6e-7
BEPS_2014,male,48,944643,3355,0.003552,0.996448,NA,31.7,r0110_14,0.00355161,3.9e-7
BEPS_2014,male,49,941287,3620,0.003846,0.996154,NA,30.8,r0110_14,0.0038458,2e-7
BEPS_2014,male,50,937667,3906,0.0041660000000000004,0.995834,NA,29.9,r0110_14,0.00416566,3.4e-7
BEPS_2014,male,51,933761,4218,0.004517,0.995483,NA,29,r0110_14,0.00451722,-2.2e-7
BEPS_2014,male,52,929543,4557,0.004902,0.995098,NA,28.2,r0110_14,0.00490241,-4.1e-7
BEPS_2014,male,53,924986,4923,0.005322,0.994678,NA,27.3,r0110_14,0.00532224,-2.4e-7
BEPS_2014,male,54,920063,5322,0.005784,0.994216,NA,26.4,r0110_14,0.00578439,-3.9e-7
BEPS_2014,male,55,914741,5700,0.006231,0.993769,NA,25.6,r0110_14,0.00623127,-2.7e-7
BEPS_2014,male,56,909041,6119,0.006731,0.993269,NA,24.7,r0110_14,0.00673127,-2.7e-7
BEPS_2014,male,57,902922,6582,0.00729,0.99271,NA,23.9,r0110_14,0.00728967,3.3e-7
BEPS_2014,male,58,896340,7094,0.007914,0.992086,NA,23.1,r0110_14,0.00791441,-4.1e-7
BEPS_2014,male,59,889246,7658,0.008612,0.991388,NA,22.3,r0110_14,0.00861179,2.1e-7
BEPS_2014,male,60,881588,8279,0.009392,0.990608,NA,21.5,r0110_14,0.00939101,9.9e-7
BEPS_2014,male,61,873308,8962,0.010262,0.989738,NA,20.7,r0110_14,0.01026213,-1.3e-7
BEPS_2014,male,62,864346,9711,0.011236,0.988764,NA,19.9,r0110_14,0.01123508,9.2e-7
BEPS_2014,male,63,854635,10715,0.012537,0.987463,NA,19.1,r0110_14,0.01253752,-5.2e-7
BEPS_2014,male,64,843920,11778,0.013956,0.986044,NA,18.3,r0110_14,0.0139563,-3e-7
BEPS_2014,male,65,832142,12898,0.0155,0.9845,NA,17.6,r0110_14,0.01549976,2.4e-7
BEPS_2014,male,66,819244,14076,0.017181,0.982819,NA,16.8,r0110_14,0.01718169,-6.9e-7
BEPS_2014,male,67,805168,15307,0.019011,0.980989,NA,16.1,r0110_14,0.01901094,6e-8
BEPS_2014,male,68,789861,16589,0.021003,0.978997,NA,15.4,r0110_14,0.02100243,5.7e-7
BEPS_2014,male,69,773272,17917,0.02317,0.97683,NA,14.7,r0110_14,0.02317037,-3.7e-7
BEPS_2014,male,70,755355,19282,0.025527,0.974473,NA,14.1,r0110_14,0.02552707,-7e-8
BEPS_2014,male,71,736073,20679,0.028094,0.971906,NA,13.4,r0110_14,0.02809368,3.2e-7
BEPS_2014,male,72,715394,22094,0.030884000000000002,0.969116,NA,12.8,r0110_14,0.03088368,3.2e-7
BEPS_2014,male,73,693300,23515,0.033918,0.966082,NA,12.2,r0110_14,0.0339175,5e-7
BEPS_2014,male,74,669785,24927,0.037217,0.96278300000000006,NA,11.6,r0110_14,0.03721642,5.8e-7
BEPS_2014,male,75,644857,26312,0.040803,0.959197,NA,11,r0110_14,0.04080284,1.6e-7
BEPS_2014,male,76,618545,27648,0.044699,0.955301,NA,10.5,r0110_14,0.04469845,5.5e-7
BEPS_2014,male,77,590897,28913,0.048931,0.951069,NA,10,r0110_14,0.04893069,3.1e-7
BEPS_2014,male,78,561984,30083,0.053529,0.946471,NA,9.4,r0110_14,0.05352999,-9.9e-7
BEPS_2014,male,79,531901,31126,0.058519,0.941481,NA,9,r0110_14,0.05851841,5.9e-7
BEPS_2014,male,80,500775,32016,0.063933,0.936067,NA,8.5,r0110_14,0.0639329,1e-7
BEPS_2014,male,81,468759,32515,0.069364,0.930636,NA,8,r0110_14,0.069364,0
BEPS_2014,male,82,436244,32830,0.075255,0.924745,NA,7.6,r0110_14,0.07525605,-1.05e-6
BEPS_2014,male,83,403414,32938,0.081648,0.918352,NA,7.2,r0110_14,0.08164813,-1.3e-7
BEPS_2014,male,84,370476,32818,0.088583,0.911417,NA,6.8,r0110_14,0.08858334,-3.4e-7
BEPS_2014,male,85,337658,32451,0.096107,0.903893,NA,6.4,r0110_14,0.09610612,8.8e-7
BEPS_2014,male,86,305207,31824,0.104271,0.895729,NA,6,r0110_14,0.10427022,7.8e-7
BEPS_2014,male,87,273383,30927,0.113128,0.886872,NA,5.6,r0110_14,0.113127,1e-6
BEPS_2014,male,88,242456,29758,0.122737,0.877263,NA,5.3,r0110_14,0.12273567,1.33e-6
BEPS_2014,male,89,212697,28323,0.133163,0.866837,NA,4.9,r0110_14,0.13316126,1.74e-6
BEPS_2014,male,90,184374,26637,0.144474,0.855526,NA,4.6,r0110_14,0.14447265,1.35e-6
BEPS_2014,male,91,157737,24725,0.156745,0.843255,NA,4.3,r0110_14,0.15674826,-3.26e-6
BEPS_2014,male,92,133012,22620,0.17006,0.82994,NA,4,r0110_14,0.17005984,1.6e-7
BEPS_2014,male,93,110392,20368,0.184505,0.815495,NA,3.8,r0110_14,0.18450612,-1.12e-6
BEPS_2014,male,94,90024,18021,0.200177,0.799823,NA,3.5,r0110_14,0.20017995,-2.95e-6
BEPS_2014,male,95,72004,15638,0.21718,0.78282,NA,3.3,r0110_14,0.21718238,-2.38e-6
BEPS_2014,male,96,56366,13281,0.235628,0.764372,NA,3,r0110_14,0.23562076,7.24e-6
BEPS_2014,male,97,43084,11014,0.255642,0.744358,NA,2.8,r0110_14,0.25564014,1.86e-6
BEPS_2014,male,98,32070,8895,0.277357,0.722643,NA,2.6,r0110_14,0.27736202,-5.02e-6
BEPS_2014,male,99,23175,6974,0.300916,0.699084,NA,2.4,r0110_14,0.30092772,-1.172e-5
BEPS_2014,male,100,16202,5289,0.326476,0.673524,NA,2.2,r0110_14,0.32644118,3.482e-5
BEPS_2014,male,101,10912,3865,0.354208,0.645792,NA,2,r0110_14,0.35419721,1.079e-5
BEPS_2014,male,102,7047,2708,0.384295,0.615705,NA,1.8,r0110_14,0.384277,1.8e-5
BEPS_2014,male,103,4339,1809,0.416937,0.583063,NA,1.7,r0110_14,0.41691634,2.066e-5
BEPS_2014,male,104,2530,1144,0.452353,0.547647,NA,1.5,r0110_14,0.45217391,1.7909e-4
BEPS_2014,male,105,1385,680,0.490776,0.509224,NA,1.4,r0110_14,0.49097473,-1.9873e-4
BEPS_2014,male,106,706,376,0.532464,0.467536,NA,1.3,r0110_14,0.5325779,-1.139e-4
BEPS_2014,male,107,330,191,0.577692,0.422308,NA,1.1,r0110_14,0.57878788,-0.00109588
BEPS_2014,male,108,139,87,0.626762,0.373238,NA,1,r0110_14,0.62589928,8.6272e-4
BEPS_2014,male,109,52,35,0.68,0.32,NA,0.8,r0110_14,0.67307692,0.00692308
BEPS_2014,male,110,17,17,1,0,NA,0.5,r0110_14,1,0
Mortalidad_invalidos_1980_1989,female,0,54,4,0.07407407,0.92592593,NA,NA,r0585_94,0.07407407,0
Mortalidad_invalidos_1980_1989,female,3,41,0,0,1,NA,NA,r0585_94,0,0
Mortalidad_invalidos_1980_1989,female,6,48,0,0,1,NA,NA,r0585_94,0,0
Mortalidad_invalidos_1980_1989,female,9,303,255,0.84158416,0.15841584,NA,NA,r0585_94,0.84158416,0
Mortalidad_invalidos_1980_1989,female,30,10,0,0,1,NA,NA,r0585_94,0,0
Mortalidad_invalidos_1980_1989,female,80,70,54,0.77142857,0.22857143,NA,NA,r0585_94,0.77142857,0
Mortalidad_invalidos_1980_1989,female,81,76,57,0.75,0.25,NA,NA,r0585_94,0.75,0
Mortalidad_invalidos_1980_1989,female,83,7,2,0.28571429,0.71428571,NA,NA,r0585_94,0.28571429,0
Mortalidad_invalidos_1980_1989,female,90,95,6,0.06315789,0.93684211,NA,NA,r0585_94,0.06315789,0
Mortalidad_invalidos_1980_1989,female,91,29,14,0.48275862,0.51724138,NA,NA,r0585_94,0.48275862,0
Mortalidad_invalidos_1980_1989,female,96,899,332,0.36929922,0.63070078,NA,NA,r0585_94,0.36929922,0
Mortalidad_invalidos_1980_1989,female,98,328,86,0.26219512,0.73780488,NA,NA,r0585_94,0.26219512,0
Mortalidad_invalidos_1980_1989,male,0,1,0,0,1,NA,NA,r0585_94,0,0
Mortalidad_invalidos_1980_1989,male,107,13,7,0.53846154,0.46153846,NA,NA,r0585_94,0.53846154,0
Mortalidad_invalidos_1980_1989,male,108,5,3,0.6,0.4,NA,NA,r0585_94,0.6,0
Mortalidad_invalidos_1980_1989,male,109,2,1,0.5,0.5,NA,NA,r0585_94,0.5,0
RV08_Rentistas_2005_2008,female,15,1000000,272,2.72e-4,0.999728,NA,70,r1555_10,2.72e-4,0
RV08_Rentistas_2005_2008,female,16,999728,278,2.78e-4,0.999722,NA,69.1,r1555_10,2.7808e-4,-8e-8
RV08_Rentistas_2005_2008,female,17,999450,285,2.85e-4,0.999715,NA,68.1,r1555_10,2.8516e-4,-1.6e-7
RV08_Rentistas_2005_2008,female,18,999165,293,2.93e-4,0.999707,NA,67.1,r1555_10,2.9324e-4,-2.4e-7
RV08_Rentistas_2005_2008,female,19,998872,302,3.02e-4,0.999698,NA,66.1,r1555_10,3.0234e-4,-3.4e-7
RV08_Rentistas_2005_2008,female,20,998570,311,3.11e-4,0.999689,NA,65.1,r1555_10,3.1145e-4,-4.5e-7
RV08_Rentistas_2005_2008,female,21,998259,321,3.22e-4,0.999678,NA,64.2,r1555_10,3.2156e-4,4.4e-7
RV08_Rentistas_2005_2008,female,22,997938,332,3.33e-4,0.999667,NA,63.2,r1555_10,3.3269e-4,3.1e-7
RV08_Rentistas_2005_2008,female,23,997606,344,3.45e-4,0.999655,NA,62.2,r1555_10,3.4483e-4,1.7e-7
RV08_Rentistas_2005_2008,female,24,997262,357,3.58e-4,0.999642,NA,61.2,r1555_10,3.5798e-4,2e-8
RV08_Rentistas_2005_2008,female,25,996905,372,3.73e-4,0.999627,NA,60.2,r1555_10,3.7315e-4,-1.5e-7
RV08_Rentistas_2005_2008,female,26,996533,388,3.89e-4,0.999611,NA,59.3,r1555_10,3.8935e-4,-3.5e-7
RV08_Rentistas_2005_2008,female,27,996145,405,4.07e-4,0.999593,NA,58.3,r1555_10,4.0657e-4,4.3e-7
RV08_Rentistas_2005_2008,female,28,995740,425,4.27e-4,0.999573,NA,57.3,r1555_10,4.2682e-4,1.8e-7
RV08_Rentistas_2005_2008,female,29,995315,446,4.48e-4,0.999552,NA,56.3,r1555_10,4.481e-4,-1e-7
RV08_Rentistas_2005_2008,female,30,994869,469,4.71e-4,0.999529,NA,55.4,r1555_10,4.7142e-4,-4.2e-7
RV08_Rentistas_2005_2008,female,31,994400,494,4.97e-4,0.999503,NA,54.4,r1555_10,4.9678e-4,2.2e-7
RV08_Rentistas_2005_2008,female,32,993906,522,5.25e-4,0.999475,NA,53.4,r1555_10,5.252e-4,-2e-7
RV08_Rentistas_2005_2008,female,33,993384,552,5.56e-4,0.999444,NA,52.4,r1555_10,5.5568e-4,3.2e-7
RV08_Rentistas_2005_2008,female,34,992832,585,5.89e-4,0.999411,NA,51.5,r1555_10,5.8922e-4,-2.2e-7
RV08_Rentistas_2005_2008,female,35,992247,622,6.27e-4,0.999373,NA,50.5,r1555_10,6.2686e-4,1.4e-7
RV08_Rentistas_2005_2008,female,36,991625,662,6.68e-4,0.999332,NA,49.5,r1555_10,6.6759e-4,4.1e-7
RV08_Rentistas_2005_2008,female,37,990963,705,7.11e-4,0.999289,NA,48.6,r1555_10,7.1143e-4,-4.3e-7
RV08_Rentistas_2005_2008,female,38,990258,753,7.6e-4,0.99924,NA,47.6,r1555_10,7.6041e-4,-4.1e-7
RV08_Rentistas_2005_2008,female,39,989505,806,8.15e-4,0.999185,NA,46.6,r1555_10,8.1455e-4,4.5e-7
RV08_Rentistas_2005_2008,female,40,988699,863,8.73e-4,0.999127,NA,45.7,r1555_10,8.7286e-4,1.4e-7
RV08_Rentistas_2005_2008,female,41,987836,926,9.37e-4,0.999063,NA,44.7,r1555_10,9.374e-4,-4e-7
RV08_Rentistas_2005_2008,female,42,986910,994,0.001007,0.998993,NA,43.7,r1555_10,0.00100718,-1.8e-7
RV08_Rentistas_2005_2008,female,43,985916,1070,0.001085,0.998915,NA,42.8,r1555_10,0.00108529,-2.9e-7
RV08_Rentistas_2005_2008,female,44,984846,1152,0.00117,0.99883,NA,41.8,r1555_10,0.00116973,2.7e-7
RV08_Rentistas_2005_2008,female,45,983694,1242,0.001263,0.998737,NA,40.9,r1555_10,0.00126259,4.1e-7
RV08_Rentistas_2005_2008,female,46,982452,1341,0.001365,0.998635,NA,39.9,r1555_10,0.00136495,5e-8
RV08_Rentistas_2005_2008,female,47,981111,1448,0.001476,0.998524,NA,39,r1555_10,0.00147588,1.2e-7
RV08_Rentistas_2005_2008,female,48,979663,1566,0.001599,0.998401,NA,38,r1555_10,0.00159851,4.9e-7
RV08_Rentistas_2005_2008,female,49,978097,1695,0.001733,0.998267,NA,37.1,r1555_10,0.00173296,4e-8
RV08_Rentistas_2005_2008,female,50,976402,1836,0.00188,0.99812,NA,36.2,r1555_10,0.00188037,-3.7e-7
RV08_Rentistas_2005_2008,female,51,974566,1990,0.002042,0.997958,NA,35.2,r1555_10,0.00204193,7e-8
RV08_Rentistas_2005_2008,female,52,972576,2158,0.002219,0.997781,NA,34.3,r1555_10,0.00221885,1.5e-7
RV08_Rentistas_2005_2008,female,53,970418,2341,0.002412,0.997588,NA,33.4,r1555_10,0.00241236,-3.6e-7
RV08_Rentistas_2005_2008,female,54,968077,2541,0.002625,0.997375,NA,32.5,r1555_10,0.00262479,2.1e-7
RV08_Rentistas_2005_2008,female,55,965536,2735,0.002833,0.997167,NA,31.6,r1555_10,0.00283262,3.8e-7
RV08_Rentistas_2005_2008,female,56,962801,2950,0.003064,0.996936,NA,30.6,r1555_10,0.00306398,2e-8
RV08_Rentistas_2005_2008,female,57,959851,3189,0.003322,0.996678,NA,29.7,r1555_10,0.00332239,-3.9e-7
RV08_Rentistas_2005_2008,female,58,956662,3456,0.003613,0.996387,NA,28.8,r1555_10,0.00361256,4.4e-7
RV08_Rentistas_2005_2008,female,59,953206,3752,0.003936,0.996064,NA,27.9,r1555_10,0.00393619,-1.9e-7
RV08_Rentistas_2005_2008,female,60,949454,4082,0.004299,0.995701,NA,27,r1555_10,0.00429931,-3.1e-7
RV08_Rentistas_2005_2008,female,61,945372,4447,0.004704,0.995296,NA,26.2,r1555_10,0.00470397,3e-8
RV08_Rentistas_2005_2008,female,62,940925,4853,0.005158,0.994842,NA,25.3,r1555_10,0.00515769,3.1e-7
RV08_Rentistas_2005_2008,female,63,936072,5303,0.005665,0.994335,NA,24.4,r1555_10,0.00566516,-1.6e-7
RV08_Rentistas_2005_2008,female,64,930769,5801,0.006232,0.993768,NA,23.5,r1555_10,0.00623248,-4.8e-7
RV08_Rentistas_2005_2008,female,65,924968,6351,0.006866,0.993134,NA,22.7,r1555_10,0.00686618,-1.8e-7
RV08_Rentistas_2005_2008,female,66,918617,6959,0.007576,0.992424,NA,21.8,r1555_10,0.00757552,4.8e-7
RV08_Rentistas_2005_2008,female,67,911658,7629,0.008368,0.991632,NA,21,r1555_10,0.00836827,-2.7e-7
RV08_Rentistas_2005_2008,female,68,904029,8367,0.009255,0.990745,NA,20.2,r1555_10,0.00925523,-2.3e-7
RV08_Rentistas_2005_2008,female,69,895662,9177,0.010246,0.989754,NA,19.4,r1555_10,0.01024605,-5e-8
RV08_Rentistas_2005_2008,female,70,886485,10065,0.011354,0.988646,NA,18.6,r1555_10,0.01135383,1.7e-7
RV08_Rentistas_2005_2008,female,71,876420,11036,0.012592,0.987408,NA,17.8,r1555_10,0.01259214,-1.4e-7
RV08_Rentistas_2005_2008,female,72,865384,12095,0.013976,0.986024,NA,17,r1555_10,0.01397645,-4.5e-7
RV08_Rentistas_2005_2008,female,73,853289,13245,0.015522,0.984478,NA,16.2,r1555_10,0.01552229,-2.9e-7
RV08_Rentistas_2005_2008,female,74,840044,14490,0.017249,0.982751,NA,15.5,r1555_10,0.0172491,-1e-7
RV08_Rentistas_2005_2008,female,75,825554,15832,0.019177,0.980823,NA,14.7,r1555_10,0.01917743,-4.3e-7
RV08_Rentistas_2005_2008,female,76,809722,17272,0.021331,0.978669,NA,14,r1555_10,0.02133078,2.2e-7
RV08_Rentistas_2005_2008,female,77,792450,18809,0.023735,0.976265,NA,13.3,r1555_10,0.02373525,-2.5e-7
RV08_Rentistas_2005_2008,female,78,773641,20439,0.026419,0.973581,NA,12.6,r1555_10,0.02641923,-2.3e-7
RV08_Rentistas_2005_2008,female,79,753202,22154,0.029413,0.970587,NA,11.9,r1555_10,0.02941309,-9e-8
RV08_Rentistas_2005_2008,female,80,731048,23943,0.032752,0.967248,NA,11.3,r1555_10,0.03275161,3.9e-7
RV08_Rentistas_2005_2008,female,81,707105,25791,0.036474,0.963526,NA,10.6,r1555_10,0.03647407,-7e-8
RV08_Rentistas_2005_2008,female,82,681314,27677,0.040623,0.959377,NA,10,r1555_10,0.04062297,3e-8
RV08_Rentistas_2005_2008,female,83,653637,29572,0.045242,0.954758,NA,9.4,r1555_10,0.04524224,-2.4e-7
RV08_Rentistas_2005_2008,female,84,624065,31445,0.050387,0.949613,NA,8.9,r1555_10,0.05038738,-3.8e-7
RV08_Rentistas_2005_2008,female,85,592620,33252,0.05611,0.94389,NA,8.3,r1555_10,0.05611015,-1.5e-7
RV08_Rentistas_2005_2008,female,86,559368,34945,0.062472,0.937528,NA,7.8,r1555_10,0.06247229,-2.9e-7
RV08_Rentistas_2005_2008,female,87,524423,36469,0.069541,0.930459,NA,7.3,r1555_10,0.06954119,-1.9e-7
RV08_Rentistas_2005_2008,female,88,487954,37762,0.077388,0.922612,NA,6.8,r1555_10,0.07738844,-4.4e-7
RV08_Rentistas_2005_2008,female,89,450192,38757,0.08609,0.91391,NA,6.3,r1555_10,0.08608993,7e-8
RV08_Rentistas_2005_2008,female,90,411435,39386,0.095728,0.904272,NA,5.8,r1555_10,0.09572837,-3.7e-7
RV08_Rentistas_2005_2008,female,91,372049,39709,0.106731,0.893269,NA,5.4,r1555_10,0.10673057,4.3e-7
RV08_Rentistas_2005_2008,female,92,332340,39700,0.119456,0.880544,NA,5,r1555_10,0.11945598,2e-8
RV08_Rentistas_2005_2008,female,93,292640,39188,0.133912,0.866088,NA,4.6,r1555_10,0.13391197,3e-8
RV08_Rentistas_2005_2008,female,94,253452,38041,0.150092,0.849908,NA,4.2,r1555_10,0.15009154,4.6e-7
RV08_Rentistas_2005_2008,female,95,215411,36189,0.168,0.832,NA,3.9,r1555_10,0.16799978,2.2e-7
RV08_Rentistas_2005_2008,female,96,179222,33628,0.187633,0.812367,NA,3.5,r1555_10,0.18763321,-2.1e-7
RV08_Rentistas_2005_2008,female,97,145594,30428,0.208992,0.791008,NA,3.2,r1555_10,0.20899213,-1.3e-7
RV08_Rentistas_2005_2008,female,98,115166,26728,0.232082,0.767918,NA,3,r1555_10,0.23208239,-3.9e-7
RV08_Rentistas_2005_2008,female,99,88438,22719,0.256892,0.743108,NA,2.7,r1555_10,0.25689183,1.7e-7
RV08_Rentistas_2005_2008,female,100,65719,18627,0.283434,0.716566,NA,2.5,r1555_10,0.28343401,-1e-8
RV08_Rentistas_2005_2008,female,101,47092,14679,0.311709,0.688291,NA,2.3,r1555_10,0.311709,0
RV08_Rentistas_2005_2008,female,102,32413,11075,0.341684,0.658316,NA,2.1,r1555_10,0.34168389,1.1e-7
RV08_Rentistas_2005_2008,female,103,21338,7968,0.37341800000000003,0.626582,NA,1.9,r1555_10,0.37341831,-3.1e-7
RV08_Rentistas_2005_2008,female,104,13370,5440,0.406881,0.593119,NA,1.7,r1555_10,0.40688108,-8e-8
RV08_Rentistas_2005_2008,female,105,7930,3505,0.441992,0.558008,NA,1.6,r1555_10,0.44199243,-4.3e-7
RV08_Rentistas_2005_2008,female,106,4425,2119,0.47887,0.52113,NA,1.4,r1555_10,0.47887006,-6e-8
RV08_Rentistas_2005_2008,female,107,2306,1194,0.51778,0.48222,NA,1.3,r1555_10,0.51777971,2.9e-7
RV08_Rentistas_2005_2008,female,108,1112,620,0.557554,0.442446,NA,1.1,r1555_10,0.55755396,4e-8
RV08_Rentistas_2005_2008,female,109,492,295,0.599593,0.400407,NA,0.9,r1555_10,0.5995935,-5e-7
RV08_Rentistas_2005_2008,female,110,197,197,1,0,NA,0.5,r1555_10,1,0
RV08_Rentistas_2005_2008,male,15,1000000,485,4.85e-4,0.999515,NA,64.8,r1555_10,4.85e-4,0
RV08_Rentistas_2005_2008,male,16,999515,496,4.96e-4,0.999504,NA,63.9,r1555_10,4.9624e-4,-2.4e-7
RV08_Rentistas_2005_2008,male,17,999019,509,5.09e-4,0.999491,NA,62.9,r1555_10,5.095e-4,-5e-7
RV08_Rentistas_2005_2008,male,18,998510,522,5.23e-4,0.999477,NA,61.9,r1555_10,5.2278e-4,2.2e-7
RV08_Rentistas_2005_2008,male,19,997988,537,5.38e-4,0.999462,NA,60.9,r1555_10,5.3808e-4,-8e-8
RV08_Rentistas_2005_2008,male,20,997451,553,5.54e-4,0.999446,NA,60,r1555_10,5.5441e-4,-4.1e-7
RV08_Rentistas_2005_2008,male,21,996898,571,5.73e-4,0.999427,NA,59,r1555_10,5.7278e-4,2.2e-7
RV08_Rentistas_2005_2008,male,22,996327,591,5.93e-4,0.999407,NA,58,r1555_10,5.9318e-4,-1.8e-7
RV08_Rentistas_2005_2008,male,23,995736,612,6.15e-4,0.999385,NA,57.1,r1555_10,6.1462e-4,3.8e-7
RV08_Rentistas_2005_2008,male,24,995124,636,6.39e-4,0.999361,NA,56.1,r1555_10,6.3912e-4,-1.2e-7
RV08_Rentistas_2005_2008,male,25,994488,662,6.66e-4,0.99933399999999994,NA,55.1,r1555_10,6.6567e-4,3.3e-7
RV08_Rentistas_2005_2008,male,26,993826,690,6.94e-4,0.999306,NA,54.2,r1555_10,6.9429e-4,-2.9e-7
RV08_Rentistas_2005_2008,male,27,993136,721,7.26e-4,0.999274,NA,53.2,r1555_10,7.2598e-4,2e-8
RV08_Rentistas_2005_2008,male,28,992415,755,7.61e-4,0.999239,NA,52.3,r1555_10,7.6077e-4,2.3e-7
RV08_Rentistas_2005_2008,male,29,991660,792,7.99e-4,0.999201,NA,51.3,r1555_10,7.9866e-4,3.4e-7
RV08_Rentistas_2005_2008,male,30,990868,832,8.4e-4,0.99916,NA,50.3,r1555_10,8.3967e-4,3.3e-7
RV08_Rentistas_2005_2008,male,31,990036,877,8.86e-4,0.999114,NA,49.4,r1555_10,8.8583e-4,1.7e-7
RV08_Rentistas_2005_2008,male,32,989159,926,9.36e-4,0.999064,NA,48.4,r1555_10,9.3615e-4,-1.5e-7
RV08_Rentistas_2005_2008,male,33,988233,979,9.91e-4,0.999009,NA,47.5,r1555_10,9.9066e-4,3.4e-7
RV08_Rentistas_2005_2008,male,34,987254,1038,0.001051,0.998949,NA,46.5,r1555_10,0.0010514,-4e-7
RV08_Rentistas_2005_2008,male,35,986216,1102,0.001117,0.998883,NA,45.6,r1555_10,0.0011174,-4e-7
RV08_Rentistas_2005_2008,male,36,985114,1172,0.00119,0.99881,NA,44.6,r1555_10,0.00118971,2.9e-7
RV08_Rentistas_2005_2008,male,37,983942,1249,0.001269,0.998731,NA,43.7,r1555_10,0.00126938,-3.8e-7
RV08_Rentistas_2005_2008,male,38,982693,1333,0.001356,0.998644,NA,42.7,r1555_10,0.00135648,-4.8e-7
RV08_Rentistas_2005_2008,male,39,981360,1424,0.001451,0.998549,NA,41.8,r1555_10,0.00145105,-5e-8
RV08_Rentistas_2005_2008,male,40,979936,1525,0.001556,0.998444,NA,40.8,r1555_10,0.00155622,-2.2e-7
RV08_Rentistas_2005_2008,male,41,978411,1635,0.001671,0.998329,NA,39.9,r1555_10,0.00167108,-8e-8
RV08_Rentistas_2005_2008,male,42,976776,1755,0.001797,0.998203,NA,39,r1555_10,0.00179673,2.7e-7
RV08_Rentistas_2005_2008,male,43,975021,1886,0.001934,0.998066,NA,38,r1555_10,0.00193432,-3.2e-7
RV08_Rentistas_2005_2008,male,44,973135,2030,0.002086,0.997914,NA,37.1,r1555_10,0.00208604,-4e-8
RV08_Rentistas_2005_2008,male,45,971105,2186,0.002251,0.997749,NA,36.2,r1555_10,0.00225104,-4e-8
RV08_Rentistas_2005_2008,male,46,968919,2358,0.002434,0.997566,NA,35.3,r1555_10,0.00243364,3.6e-7
RV08_Rentistas_2005_2008,male,47,966561,2544,0.002632,0.997368,NA,34.4,r1555_10,0.00263201,-1e-8
RV08_Rentistas_2005_2008,male,48,964017,2748,0.002851,0.997149,NA,33.4,r1555_10,0.00285057,4.3e-7
RV08_Rentistas_2005_2008,male,49,961269,2971,0.003091,0.996909,NA,32.5,r1555_10,0.00309071,2.9e-7
RV08_Rentistas_2005_2008,male,50,958298,3213,0.003353,0.996647,NA,31.6,r1555_10,0.00335282,1.8e-7
RV08_Rentistas_2005_2008,male,51,955085,3477,0.003641,0.996359,NA,30.7,r1555_10,0.00364051,4.9e-7
RV08_Rentistas_2005_2008,male,52,951608,3765,0.003956,0.996044,NA,29.9,r1555_10,0.00395646,-4.6e-7
RV08_Rentistas_2005_2008,male,53,947843,4077,0.004301,0.995699,NA,29,r1555_10,0.00430135,-3.5e-7
RV08_Rentistas_2005_2008,male,54,943766,4418,0.004681,0.995319,NA,28.1,r1555_10,0.00468125,-2.5e-7
RV08_Rentistas_2005_2008,male,55,939348,4744,0.00505,0.99495,NA,27.2,r1555_10,0.00505031,-3.1e-7
RV08_Rentistas_2005_2008,male,56,934604,5106,0.005463,0.994537,NA,26.4,r1555_10,0.00546328,-2.8e-7
RV08_Rentistas_2005_2008,male,57,929498,5507,0.005925,0.994075,NA,25.5,r1555_10,0.0059247,3e-7
RV08_Rentistas_2005_2008,male,58,923991,5952,0.006442,0.993558,NA,24.6,r1555_10,0.00644162,3.8e-7
RV08_Rentistas_2005_2008,male,59,918039,6444,0.007019,0.992981,NA,23.8,r1555_10,0.00701931,-3.1e-7
RV08_Rentistas_2005_2008,male,60,911595,6988,0.007666,0.992334,NA,23,r1555_10,0.00766568,3.2e-7
RV08_Rentistas_2005_2008,male,61,904607,7588,0.008388,0.991612,NA,22.1,r1555_10,0.00838817,-1.7e-7
RV08_Rentistas_2005_2008,male,62,897019,8250,0.009197,0.990803,NA,21.3,r1555_10,0.00919713,-1.3e-7
RV08_Rentistas_2005_2008,male,63,888769,9134,0.010277,0.989723,NA,20.5,r1555_10,0.01027714,-1.4e-7
RV08_Rentistas_2005_2008,male,64,879635,10078,0.011457,0.988543,NA,19.7,r1555_10,0.01145702,-2e-8
RV08_Rentistas_2005_2008,male,65,869557,11080,0.012742,0.987258,NA,19,r1555_10,0.01274212,-1.2e-7
RV08_Rentistas_2005_2008,male,66,858477,12143,0.014145,0.985855,NA,18.2,r1555_10,0.01414482,1.8e-7
RV08_Rentistas_2005_2008,male,67,846334,13265,0.015673,0.984327,NA,17.4,r1555_10,0.01567348,-4.8e-7
RV08_Rentistas_2005_2008,male,68,833069,14446,0.017341,0.982659,NA,16.7,r1555_10,0.0173407,3e-7
RV08_Rentistas_2005_2008,male,69,818623,15683,0.019158,0.980842,NA,16,r1555_10,0.01915778,2.2e-7
RV08_Rentistas_2005_2008,male,70,802940,16972,0.021137,0.978863,NA,15.3,r1555_10,0.02113732,-3.2e-7
RV08_Rentistas_2005_2008,male,71,785968,18310,0.023296,0.976704,NA,14.6,r1555_10,0.02329611,-1.1e-7
RV08_Rentistas_2005_2008,male,72,767658,19688,0.025647,0.974353,NA,14,r1555_10,0.02564684,1.6e-7
RV08_Rentistas_2005_2008,male,73,747970,21098,0.028207,0.971793,NA,13.3,r1555_10,0.02820701,-1e-8
RV08_Rentistas_2005_2008,male,74,726872,22530,0.030996,0.969004,NA,12.7,r1555_10,0.03099583,1.7e-7
RV08_Rentistas_2005_2008,male,75,704342,23970,0.034032,0.965968,NA,12.1,r1555_10,0.03403176,2.4e-7
RV08_Rentistas_2005_2008,male,76,680372,25402,0.037335,0.962665,NA,11.5,r1555_10,0.03733546,-4.6e-7
RV08_Rentistas_2005_2008,male,77,654970,26808,0.04093,0.95907,NA,10.9,r1555_10,0.04093012,-1.2e-7
RV08_Rentistas_2005_2008,male,78,628162,28168,0.044842,0.955158,NA,10.4,r1555_10,0.04484194,6e-8
RV08_Rentistas_2005_2008,male,79,599994,29456,0.049094,0.950906,NA,9.8,r1555_10,0.04909382,1.8e-7
RV08_Rentistas_2005_2008,male,80,570538,30646,0.053714,0.946286,NA,9.3,r1555_10,0.05371421,-2.1e-7
RV08_Rentistas_2005_2008,male,81,539892,31711,0.058736,0.941264,NA,8.8,r1555_10,0.05873582,1.8e-7
RV08_Rentistas_2005_2008,male,82,508181,32619,0.064188,0.935812,NA,8.3,r1555_10,0.06418776,2.4e-7
RV08_Rentistas_2005_2008,male,83,475562,33340,0.070107,0.929893,NA,7.8,r1555_10,0.07010653,4.7e-7
RV08_Rentistas_2005_2008,male,84,442222,33841,0.076525,0.923475,NA,7.4,r1555_10,0.07652491,9e-8
RV08_Rentistas_2005_2008,male,85,408381,34093,0.083483,0.916517,NA,7,r1555_10,0.08348332,-3.2e-7
RV08_Rentistas_2005_2008,male,86,374288,34069,0.091023,0.908977,NA,6.6,r1555_10,0.09102349,-4.9e-7
RV08_Rentistas_2005_2008,male,87,340219,33745,0.099186,0.900814,NA,6.2,r1555_10,0.09918611,-1.1e-7
RV08_Rentistas_2005_2008,male,88,306474,33103,0.108012,0.891988,NA,5.8,r1555_10,0.10801243,-4.3e-7
RV08_Rentistas_2005_2008,male,89,273371,32136,0.117555,0.882445,NA,5.4,r1555_10,0.11755453,4.7e-7
RV08_Rentistas_2005_2008,male,90,241235,30844,0.127859,0.872141,NA,5.1,r1555_10,0.12785873,2.7e-7
RV08_Rentistas_2005_2008,male,91,210391,29239,0.138975,0.861025,NA,4.8,r1555_10,0.13897458,4.2e-7
RV08_Rentistas_2005_2008,male,92,181152,27344,0.150945,0.849055,NA,4.5,r1555_10,0.15094506,-6e-8
RV08_Rentistas_2005_2008,male,93,153808,25199,0.163834,0.836166,NA,4.2,r1555_10,0.16383413,-1.3e-7
RV08_Rentistas_2005_2008,male,94,128609,22851,0.177678,0.822322,NA,3.9,r1555_10,0.17767808,-8e-8
RV08_Rentistas_2005_2008,male,95,105758,20363,0.192543,0.807457,NA,3.6,r1555_10,0.19254335,-3.5e-7
RV08_Rentistas_2005_2008,male,96,85395,17839,0.2089,0.7911,NA,3.3,r1555_10,0.20889982000000001,1.8e-7
RV08_Rentistas_2005_2008,male,97,67556,15350,0.227219,0.772781,NA,3.1,r1555_10,0.2272189,1e-7
RV08_Rentistas_2005_2008,male,98,52206,12921,0.2475,0.7525,NA,2.9,r1555_10,0.24750029,-2.9e-7
RV08_Rentistas_2005_2008,male,99,39285,10597,0.269747,0.730253,NA,2.6,r1555_10,0.26974672,2.8e-7
RV08_Rentistas_2005_2008,male,100,28688,8433,0.293956,0.706044,NA,2.4,r1555_10,0.29395566,3.4e-7
RV08_Rentistas_2005_2008,male,101,20255,6484,0.320118,0.679882,NA,2.2,r1555_10,0.32011849,-4.9e-7
RV08_Rentistas_2005_2008,male,102,13771,4796,0.348268,0.651732,NA,2.1,r1555_10,0.3482681,-1e-7
RV08_Rentistas_2005_2008,male,103,8975,3395,0.378273,0.621727,NA,1.9,r1555_10,0.37827298,2e-8
RV08_Rentistas_2005_2008,male,104,5580,2290,0.410394,0.589606,NA,1.7,r1555_10,0.41039427,-2.7e-7
RV08_Rentistas_2005_2008,male,105,3290,1462,0.444377,0.555623,NA,1.6,r1555_10,0.4443769,1e-7
RV08_Rentistas_2005_2008,male,106,1828,878,0.480306,0.519694,NA,1.4,r1555_10,0.48030635,-3.5e-7
RV08_Rentistas_2005_2008,male,107,950,492,0.517895,0.482105,NA,1.3,r1555_10,0.51789474,2.6e-7
RV08_Rentistas_2005_2008,male,108,458,256,0.558952,0.441048,NA,1.1,r1555_10,0.55895197,3e-8
RV08_Rentistas_2005_2008,male,109,202,121,0.59901,0.40099,NA,0.9,r1555_10,0.5990099,1e-7
RV08_Rentistas_2005_2008,male,110,81,81,1,0,NA,0.5,r1555_10,1,0
Rentistas_RV89_ISS_1980_1989,female,15,30,0,0,1,NA,NA,r0585_94,0,0
Rentistas_RV89_ISS_1980_1989,female,16,34,0,0,1,NA,NA,r0585_94,0,0
Rentistas_RV89_ISS_1980_1989,female,17,39,0,0,1,NA,NA,r0585_94,0,0
Rentistas_RV89_ISS_1980_1989,female,18,43,0,0,1,NA,NA,r0585_94,0,0
Rentistas_RV89_ISS_1980_1989,female,19,46,0,0,1,NA,NA,r0585_94,0,0
Rentistas_RV89_ISS_1980_1989,female,20,50,0,0,1,NA,NA,r0585_94,0,0
Rentistas_RV89_ISS_1980_1989,female,21,54,0,0,1,NA,NA,r0585_94,0,0
Rentistas_RV89_ISS_1980_1989,female,22,57,0,0,1,NA,NA,r0585_94,0,0
Rentistas_RV89_ISS_1980_1989,female,23,61,0,0,1,NA,NA,r0585_94,0,0
Rentistas_RV89_ISS_1980_1989,female,24,65,0,0,1,NA,NA,r0585_94,0,0
Rentistas_RV89_ISS_1980_1989,female,25,69,0,0,1,NA,NA,r0585_94,0,0
Rentistas_RV89_ISS_1980_1989,female,26,72,0,0,1,NA,NA,r0585_94,0,0
Rentistas_RV89_ISS_1980_1989,female,27,77,0,0,1,NA,NA,r0585_94,0,0
Rentistas_RV89_ISS_1980_1989,female,28,81,0,0,1,NA,NA,r0585_94,0,0
Rentistas_RV89_ISS_1980_1989,female,29,86,0,0,1,NA,NA,r0585_94,0,0
Rentistas_RV89_ISS_1980_1989,female,30,90,0,0,1,NA,NA,r0585_94,0,0
Rentistas_RV89_ISS_1980_1989,female,31,95,0,0,1,NA,NA,r0585_94,0,0
Rentistas_RV89_ISS_1980_1989,female,32,101,0,0,1,NA,NA,r0585_94,0,0
Rentistas_RV89_ISS_1980_1989,female,33,107,0,0,1,NA,NA,r0585_94,0,0
Rentistas_RV89_ISS_1980_1989,female,34,116,0,0,1,NA,NA,r0585_94,0,0
Rentistas_RV89_ISS_1980_1989,female,35,124,0,0,1,NA,NA,r0585_94,0,0
Rentistas_RV89_ISS_1980_1989,female,36,134,0,0,1,NA,NA,r0585_94,0,0
Rentistas_RV89_ISS_1980_1989,female,37,145,0,0,1,NA,NA,r0585_94,0,0
Rentistas_RV89_ISS_1980_1989,female,38,156,0,0,1,NA,NA,r0585_94,0,0
Rentistas_RV89_ISS_1980_1989,female,39,169,0,0,1,NA,NA,r0585_94,0,0
Rentistas_RV89_ISS_1980_1989,female,40,183,0,0,1,NA,NA,r0585_94,0,0
Rentistas_RV89_ISS_1980_1989,female,41,198,0,0,1,NA,NA,r0585_94,0,0
Rentistas_RV89_ISS_1980_1989,female,42,215,0,0,1,NA,NA,r0585_94,0,0
Rentistas_RV89_ISS_1980_1989,female,43,233,0,0,1,NA,NA,r0585_94,0,0
Rentistas_RV89_ISS_1980_1989,female,44,254,0,0,1,NA,NA,r0585_94,0,0
Rentistas_RV89_ISS_1980_1989,female,45,275,0,0,1,NA,NA,r0585_94,0,0
Rentistas_RV89_ISS_1980_1989,female,46,297,0,0,1,NA,NA,r0585_94,0,0
Rentistas_RV89_ISS_1980_1989,female,47,321,0,0,1,NA,NA,r0585_94,0,0
Rentistas_RV89_ISS_1980_1989,female,48,346,0,0,1,NA,NA,r0585_94,0,0
Rentistas_RV89_ISS_1980_1989,female,49,370,0,0,1,NA,NA,r0585_94,0,0
Rentistas_RV89_ISS_1980_1989,female,50,397,0,0,1,NA,NA,r0585_94,0,0
Rentistas_RV89_ISS_1980_1989,female,51,427,0,0,1,NA,NA,r0585_94,0,0
Rentistas_RV89_ISS_1980_1989,female,52,465,0,0,1,NA,NA,r0585_94,0,0
Rentistas_RV89_ISS_1980_1989,female,53,505,0,0,1,NA,NA,r0585_94,0,0
Rentistas_RV89_ISS_1980_1989,female,54,552,0,0,1,NA,NA,r0585_94,0,0
Rentistas_RV89_ISS_1980_1989,female,55,603,0,0,1,NA,NA,r0585_94,0,0
Rentistas_RV89_ISS_1980_1989,female,56,658,0,0,1,NA,NA,r0585_94,0,0
Rentistas_RV89_ISS_1980_1989,female,57,714,0,0,1,NA,NA,r0585_94,0,0
Rentistas_RV89_ISS_1980_1989,female,58,772,0,0,1,NA,NA,r0585_94,0,0
Rentistas_RV89_ISS_1980_1989,female,59,835,0,0,1,NA,NA,r0585_94,0,0
Rentistas_RV89_ISS_1980_1989,female,60,900,0,0,1,NA,NA,r0585_94,0,0
Rentistas_RV89_ISS_1980_1989,female,61,979,0,0,1,NA,NA,r0585_94,0,0
Rentistas_RV89_ISS_1980_1989,female,97,924,0,0,1,NA,NA,r0585_94,0,0
Rentistas_RV89_ISS_1980_1989,female,98,722,0,0,1,NA,NA,r0585_94,0,0
Rentistas_RV89_ISS_1980_1989,female,99,548,0,0,1,NA,NA,r0585_94,0,0
Rentistas_RV89_ISS_1980_1989,female,100,401,0,0,1,NA,NA,r0585_94,0,0
Rentistas_RV89_ISS_1980_1989,female,101,765,282,0.36862745,0.63137255,NA,NA,r0585_94,0.36862745,0
Rentistas_RV89_ISS_1980_1989,female,102,483,183,0.37888199,0.62111801,NA,NA,r0585_94,0.37888199,0
Rentistas_RV89_ISS_1980_1989,female,103,300,128,0.42666667,0.57333333,NA,NA,r0585_94,0.42666667,0
Rentistas_RV89_ISS_1980_1989,female,104,172,74,0.43023256,0.56976744,NA,NA,r0585_94,0.43023256,0
Rentistas_RV89_ISS_1980_1989,female,105,98,45,0.45918367,0.54081633,NA,NA,r0585_94,0.45918367,0
Rentistas_RV89_ISS_1980_1989,female,106,53,25,0.47169811,0.52830189,NA,NA,r0585_94,0.47169811,0
Rentistas_RV89_ISS_1980_1989,female,107,28,14,0.5,0.5,NA,NA,r0585_94,0.5,0
Rentistas_RV89_ISS_1980_1989,female,108,14,8,0.57142857,0.42857143,NA,NA,r0585_94,0.57142857,0
Rentistas_RV89_ISS_1980_1989,female,109,6,4,0.66666667,0.33333333,NA,NA,r0585_94,0.66666667,0
Rentistas_RV89_ISS_1980_1989,female,110,2,2,1,0,NA,NA,r0585_94,1,0
Rentistas_RV89_ISS_1980_1989,male,20,54,0,0,1,NA,NA,r0585_94,0,0
Rentistas_RV89_ISS_1980_1989,male,21,58,0,0,1,NA,NA,r0585_94,0,0
Rentistas_RV89_ISS_1980_1989,male,22,62,0,0,1,NA,NA,r0585_94,0,0
Rentistas_RV89_ISS_1980_1989,male,23,67,0,0,1,NA,NA,r0585_94,0,0
Rentistas_RV89_ISS_1980_1989,male,24,71,0,0,1,NA,NA,r0585_94,0,0
Rentistas_RV89_ISS_1980_1989,male,25,74,0,0,1,NA,NA,r0585_94,0,0
Rentistas_RV89_ISS_1980_1989,male,26,79,0,0,1,NA,NA,r0585_94,0,0
Rentistas_RV89_ISS_1980_1989,male,27,82,0,0,1,NA,NA,r0585_94,0,0
Rentistas_RV89_ISS_1980_1989,male,28,87,0,0,1,NA,NA,r0585_94,0,0
Rentistas_RV89_ISS_1980_1989,male,29,89,0,0,1,NA,NA,r0585_94,0,0
Rentistas_RV89_ISS_1980_1989,male,30,93,0,0,1,NA,NA,r0585_94,0,0
Rentistas_RV89_ISS_1980_1989,male,31,98,0,0,1,NA,NA,r0585_94,0,0
Rentistas_RV89_ISS_1980_1989,male,32,103,0,0,1,NA,NA,r0585_94,0,0
Rentistas_RV89_ISS_1980_1989,male,33,110,0,0,1,NA,NA,r0585_94,0,0
Rentistas_RV89_ISS_1980_1989,male,34,116,0,0,1,NA,NA,r0585_94,0,0
Rentistas_RV89_ISS_1980_1989,male,35,125,0,0,1,NA,NA,r0585_94,0,0
Rentistas_RV89_ISS_1980_1989,male,36,135,0,0,1,NA,NA,r0585_94,0,0
Rentistas_RV89_ISS_1980_1989,male,37,147,0,0,1,NA,NA,r0585_94,0,0
Rentistas_RV89_ISS_1980_1989,male,38,158,0,0,1,NA,NA,r0585_94,0,0
Rentistas_RV89_ISS_1980_1989,male,39,171,0,0,1,NA,NA,r0585_94,0,0
Rentistas_RV89_ISS_1980_1989,male,40,187,0,0,1,NA,NA,r0585_94,0,0
Rentistas_RV89_ISS_1980_1989,male,41,203,0,0,1,NA,NA,r0585_94,0,0
Rentistas_RV89_ISS_1980_1989,male,42,222,0,0,1,NA,NA,r0585_94,0,0
Rentistas_RV89_ISS_1980_1989,male,43,242,0,0,1,NA,NA,r0585_94,0,0
Rentistas_RV89_ISS_1980_1989,male,44,265,0,0,1,NA,NA,r0585_94,0,0
Rentistas_RV89_ISS_1980_1989,male,45,288,0,0,1,NA,NA,r0585_94,0,0
Rentistas_RV89_ISS_1980_1989,male,46,315,0,0,1,NA,NA,r0585_94,0,0
Rentistas_RV89_ISS_1980_1989,male,47,346,0,0,1,NA,NA,r0585_94,0,0
Rentistas_RV89_ISS_1980_1989,male,48,379,0,0,1,NA,NA,r0585_94,0,0
Rentistas_RV89_ISS_1980_1989,male,49,416,0,0,1,NA,NA,r0585_94,0,0
Rentistas_RV89_ISS_1980_1989,male,50,456,0,0,1,NA,NA,r0585_94,0,0
Rentistas_RV89_ISS_1980_1989,male,51,501,0,0,1,NA,NA,r0585_94,0,0
Rentistas_RV89_ISS_1980_1989,male,52,551,0,0,1,NA,NA,r0585_94,0,0
Rentistas_RV89_ISS_1980_1989,male,53,606,0,0,1,NA,NA,r0585_94,0,0
Rentistas_RV89_ISS_1980_1989,male,54,668,0,0,1,NA,NA,r0585_94,0,0
Rentistas_RV89_ISS_1980_1989,male,55,734,0,0,1,NA,NA,r0585_94,0,0
Rentistas_RV89_ISS_1980_1989,male,56,808,0,0,1,NA,NA,r0585_94,0,0
Rentistas_RV89_ISS_1980_1989,male,57,885,0,0,1,NA,NA,r0585_94,0,0
Rentistas_RV89_ISS_1980_1989,male,58,971,0,0,1,NA,NA,r0585_94,0,0
Rentistas_RV89_ISS_1980_1989,male,96,865,0,0,1,NA,NA,r0585_94,0,0
Rentistas_RV89_ISS_1980_1989,male,97,680,0,0,1,NA,NA,r0585_94,0,0
Rentistas_RV89_ISS_1980_1989,male,98,519,0,0,1,NA,NA,r0585_94,0,0
Rentistas_RV89_ISS_1980_1989,male,99,384,0,0,1,NA,NA,r0585_94,0,0
Rentistas_RV89_ISS_1980_1989,male,100,764,274,0.35863874,0.64136126,NA,NA,r0585_94,0.35863874,0
Rentistas_RV89_ISS_1980_1989,male,101,490,188,0.38367347,0.61632653,NA,NA,r0585_94,0.38367347,0
Rentistas_RV89_ISS_1980_1989,male,102,302,124,0.41059603,0.58940397,NA,NA,r0585_94,0.41059603,0
Rentistas_RV89_ISS_1980_1989,male,103,178,78,0.43820225,0.56179775,NA,NA,r0585_94,0.43820225,0
Rentistas_RV89_ISS_1980_1989,male,104,100,45,0.45,0.55,NA,NA,r0585_94,0.45,0
Rentistas_RV89_ISS_1980_1989,male,105,55,26,0.47272727,0.52727273,NA,NA,r0585_94,0.47272727,0
Rentistas_RV89_ISS_1980_1989,male,106,29,14,0.48275862,0.51724138,NA,NA,r0585_94,0.48275862,0
Rentistas_RV89_ISS_1980_1989,male,107,15,8,0.53333333,0.46666667,NA,NA,r0585_94,0.53333333,0
Rentistas_RV89_ISS_1980_1989,male,108,7,4,0.57142857,0.42857143,NA,NA,r0585_94,0.57142857,0
Rentistas_RV89_ISS_1980_1989,male,109,3,2,0.66666667,0.33333333,NA,NA,r0585_94,0.66666667,0
Rentistas_RV89_ISS_1980_1989,male,110,1,1,1,0,NA,NA,r0585_94,1,0
